{
	"format_version": "1.8.0",
	"animations": {
		"animation.peashooter.idle": {
			"loop": true,
			"animation_length": 2,
			"bones": {
				"head": {
					"rotation": {
						"0.0": {
							"vector": [0, 0, 0]
						},
						"1.0": {
							"vector": [0, 0, 0.4]
						},
						"2.0": {
							"vector": [0, 0, 0]
						}
					}
				},
				"leaf": {
					"rotation": {
						"0.0": {
							"post": {
								"vector": [0, -10, 0]
							},
							"lerp_mode": "catmullrom"
						},
						"0.7917": {
							"post": {
								"vector": [0, 11, 0]
							},
							"lerp_mode": "catmullrom"
						},
						"2.0": {
							"post": {
								"vector": [0, -10, 0]
							},
							"lerp_mode": "catmullrom"
						}
					}
				},
				"body": {
					"rotation": {
						"0.0": {
							"vector": [0, 0, 0]
						},
						"1.0": {
							"vector": [0, 0, 0.2]
						},
						"2.0": {
							"vector": [0, 0, 0]
						}
					}
				},
				"r_leaf": {
					"rotation": {
						"0.0": {
							"vector": [0, 0, -12]
						},
						"0.0417": [0, 0, -11.55089],
						"0.5833": [0, 0, -0.81083],
						"1.125": [0, 0, 10.33212],
						"1.25": [0, 0, 12.55089],
						"1.2917": {
							"vector": [0, 0, 13],
							"easing": "easeOutElastic"
						},
						"1.3333": [0, 0, 12.29387],
						"1.375": [0, 0, 11.04707],
						"1.4167": [0, 0, 9.59968],
						"1.7917": [0, 0, -5.42094],
						"1.875": [0, 0, -8.59968],
						"1.9167": [0, 0, -10.04707],
						"1.9583": [0, 0, -11.29387],
						"2.0": {
							"vector": [0, 0, -12],
							"easing": "easeInElastic"
						}
					}
				},
				"l_leaf": {
					"rotation": {
						"0.0": {
							"vector": [0, 0, -14]
						},
						"0.0417": [0, 0, -13.42037],
						"0.0833": [0, 0, -12.45711],
						"0.625": [0, 0, 3.74997],
						"0.7917": [0, 0, 8.45711],
						"0.8333": [0, 0, 9.42037],
						"0.875": {
							"vector": [0, 0, 10],
							"easing": "easeOutElastic"
						},
						"0.9167": [0, 0, 9.52062],
						"1.4583": [0, 0, -2.48778],
						"1.8333": [0, 0, -11.05964],
						"1.9583": [0, 0, -13.52062],
						"2.0": {
							"vector": [0, 0, -14],
							"easing": "easeOutElastic"
						}
					}
				}
			}
		}
	}
}